{"auc": 0.4395849036107108, "jaccard_at_threshold": {"threshold": 60, "jaccard": 0.13814099113370165}, "curve": {"time": [0.0, 182.9943927637215, 367.24760377732787, 552.1450818549089, 737.1844214142346, 922.2802342873454, 922.2802342873454, 922.2802342873454, 922.2802342873454, 1016.6666666666666], "jaccard": [0.0, 0.4213171131381728, 0.47352851737476515, 0.49626481863129723, 0.5066457327001461, 0.5166989024863489, 0.5166989024863489, 0.5166989024863489, 0.5166989024863489, 0.5166989024863489]}}