{"auc": 0.360625806821967, "metric_at_threshold": {"threshold": 60, "J_AND_F": 0.3186268375212806}, "curve": {"time": [0.0, 54.76645824379391, 110.28498404290941, 165.81103457609814, 221.71542917622463, 277.66715112527214, 333.3957761738036, 388.458453710874, 420.2332614368863, 488.0], "J_AND_F": [0.0, 0.3154559854193856, 0.34909305997133405, 0.3747170393646223, 0.3773857009906534, 0.3933691632762247, 0.4081554056844258, 0.4121668837373147, 0.41542977628671446, 0.41542977628671446]}}
