{"auc": 0.3692692975824458, "metric_at_threshold": {"threshold": 60, "J_AND_F": 0.29835639694346566}, "curve": {"time": [0.0, 45.03220753404829, 90.57097791565789, 136.40910031795502, 182.4726463529799, 229.17323253949485, 275.5981188350254, 320.50429998768703, 344.1818804158105, 1025.696403503418], "J_AND_F": [0.0, 0.2783677756401161, 0.3391821701374217, 0.3582154724741946, 0.36400224590703184, 0.358894035487683, 0.3871044520934263, 0.38499243290447555, 0.3890101160393205, 0.3890101160393205]}}
